MARCA,MODELO
OUTROS,OUTROS
ACELLERA,ACX 250F
ACELLERA,FRONTLANDER 500
ACELLERA,FRONTLANDER 800 EFI
ACELLERA,HOTZOO SPORT 90
ACELLERA,QUADRILANDER 300
ACELLERA,QUADRILANDER 400
ACELLERA,QUADRILANDER 600
ACELLERA,SPORTLANDER 150R
ACELLERA,SPORTLANDER 250XR
ACELLERA,SPORTLANDER 350ZX
ACELLERA,SPORTLANDER 450TR
ACURA,INTEGRA
ACURA,LEGEND
ACURA,MDX
ACURA,NSX
ACURA,TL
ACURA,ZDX
ADAMO,AC 2000
ADAMO,C2
ADAMO,CRX
ADAMO,GT
ADAMO,GT2
ADAMO,GTL
ADAMO,GTM
ADLY,ATV
ADLY,JAGUAR
ADLY,RT
AGRALE,CITY
AGRALE,CITY
AGRALE,DAKAR
AGRALE,DAKAR
AGRALE,ELEFANT
AGRALE,ELEFANT
AGRALE,ELEFANTRE
AGRALE,ELEFANTRE
AGRALE,EXPLORER
AGRALE,EXPLORER
AGRALE,FORCE
AGRALE,FORCE
AGRALE,JUNIOR
AGRALE,JUNIOR
AGRALE,MARRUA
AGRALE,MARRUA
AGRALE,SST
AGRALE,SST
AGRALE,SUPER CITY
AGRALE,SUPER CITY
AGRALE,SXT
AGRALE,SXT
AGRALE,TCHAU
AGRALE,TCHAU
ALFA ROMEO,145
ALFA ROMEO,147
ALFA ROMEO,155
ALFA ROMEO,156
ALFA ROMEO,164
ALFA ROMEO,166
ALFA ROMEO,2300
ALFA ROMEO,SPIDER
ALFA ROMEO,TI 80
AM GEN,HUMMER
AMAZONAS,AME-110
AMAZONAS,AME-150
AMAZONAS,AME-250
AMAZONAS,AME-LX
APRILIA,AREA-51
APRILIA,CLASSIC
APRILIA,LEONARDO
APRILIA,MOTO
APRILIA,PEGASO
APRILIA,RALLY
APRILIA,RS
APRILIA,RSV MILLE
APRILIA,RX
APRILIA,SCARABEO
APRILIA,SONIC
APRILIA,SR
APRILIA,SR RACING
APRILIA,SR WWW
ARIEL,GOLDEN ARROW
ARIEL,M2F
ARIEL,RED HUNTER
ARIEL,W/NG
ASTON MARTIN,CYGNET
ASTON MARTIN,DB5
ASTON MARTIN,DB9 COUPE
ASTON MARTIN,DB9 VOLANTE
ASTON MARTIN,DBR9
ASTON MARTIN,DBS
ASTON MARTIN,DBS VOLANTE
ASTON MARTIN,ONE-77
ASTON MARTIN,RAPIDE S
ASTON MARTIN,V12 VANTAGE
ASTON MARTIN,V12 ZAGATO
ASTON MARTIN,V8 VANTAGE COUPE
ASTON MARTIN,V8 VANTAGE ROADSTER
ASTON MARTIN,V8 VANTAGE S COUPE
ASTON MARTIN,V8 VANTAGE S ROADSTER
ASTON MARTIN,VANQUISH COUPE
ASTON MARTIN,VANQUISH VOLANTE
ASTON MARTIN,VIRAGE COUPE
ATALA,CALIFFONE
ATALA,MASTER
ATALA,SKEGIA
AUDI,100
AUDI,80
AUDI,A1
AUDI,A1 QUATTRO
AUDI,A1 SPORTBACK
AUDI,A3
AUDI,A3 SPORTBACK
AUDI,A4 AVANT
AUDI,A4 CABRIOLET
AUDI,A4 SEDAN
AUDI,A5 CABRIOLET
AUDI,A5 COUPE
AUDI,A5 SPORTBACK
AUDI,A6 ALLROAD
AUDI,A6 AVANT
AUDI,A6 SEDAN
AUDI,A7
AUDI,A8
AUDI,A8L W12
AUDI,Q3
AUDI,Q5
AUDI,Q7
AUDI,R8
AUDI,R8 GT
AUDI,R8 GT SPYDER
AUDI,R8 SPYDER
AUDI,R8 V10
AUDI,RS3
AUDI,RS4
AUDI,RS4 AVANT
AUDI,RS5
AUDI,RS6
AUDI,S3
AUDI,S4 AVANT
AUDI,S4 SEDAN
AUDI,S5 CABRIOLET
AUDI,S5 COUPE
AUDI,S5 SPORTBACK
AUDI,S6 AVANT
AUDI,S6 SEDAN
AUDI,S7
AUDI,S8
AUDI,TT
AUDI,TT ROADSTER
AUDI,TT RS
AUDI,TT RS ROADSTER
AUDI,TTS
AUDI,TTS ROADSTER
BAJAJ,CHAMPION
BAJAJ,CLASSIC
BENELLI,TNT
BENELLI,TRE
BETA,MX-50
BIMOTA,DB4
BIMOTA,DB5R
BIMOTA,DB6
BIMOTA,DB6R
BIMOTA,DB7
BIMOTA,MANTRA
BIMOTA,SBR8
BIMOTA,TESI
BIRELLI,BW 125
BMW,118
BMW,118
BMW,120
BMW,120
BMW,120 CABRIO
BMW,120 CABRIO
BMW,130
BMW,130
BMW,318
BMW,318
BMW,318 CABRIO
BMW,318 CABRIO
BMW,320
BMW,320
BMW,320 TOURING
BMW,320 TOURING
BMW,325 CABRIO
BMW,325 CABRIO
BMW,330
BMW,330
BMW,330 CABRIO
BMW,330 CABRIO
BMW,520
BMW,520
BMW,530
BMW,530
BMW,540
BMW,540
BMW,550
BMW,550
BMW,645
BMW,645
BMW,650
BMW,650
BMW,730
BMW,730
BMW,740
BMW,740
BMW,750
BMW,750
BMW,760
BMW,760
BMW,840
BMW,840
BMW,850
BMW,850
BMW,AIRHEAD
BMW,AIRHEAD
BMW,BAVARIA
BMW,BAVARIA
BMW,C1
BMW,C1
BMW,C-2800
BMW,C-2800
BMW,F650CS
BMW,F650CS
BMW,F650GS
BMW,F650GS
BMW,F800GS
BMW,F800GS
BMW,G650GS
BMW,G650GS
BMW,K100
BMW,K100
BMW,K1200GS
BMW,K1200GS
BMW,K1200GT
BMW,K1200GT
BMW,K1200R
BMW,K1200R
BMW,K1200S
BMW,K1200S
BMW,K1300GT
BMW,K1300GT
BMW,K1300R
BMW,K1300R
BMW,K75
BMW,K75
BMW,M1
BMW,M1
BMW,M3
BMW,M3
BMW,M5
BMW,M5
BMW,M5 TOURING
BMW,M5 TOURING
BMW,M6
BMW,M6
BMW,R1150GS
BMW,R1150GS
BMW,R1200C
BMW,R1200C
BMW,R1200RT
BMW,R1200RT
BMW,R27
BMW,R27
BMW,R32
BMW,R32
BMW,R51/3
BMW,R51/3
BMW,R60
BMW,R60
BMW,R75
BMW,R75
BMW,R75/5
BMW,R75/5
BMW,R90S
BMW,R90S
BMW,RX
BMW,RX
BMW,S1000RR
BMW,S1000RR
BMW,SERIE 5 TOURING
BMW,SERIE 5 TOURING
BMW,SERIE 6 CABRIO
BMW,SERIE 6 CABRIO
BMW,SERIE M CONVERSIVEL
BMW,SERIE M CONVERSIVEL
BMW,SERIE Z
BMW,SERIE Z
BMW,SERIE Z ROADSTER
BMW,SERIE Z ROADSTER
BMW,X1
BMW,X1
BMW,X3
BMW,X3
BMW,X5
BMW,X5
BMW,X6
BMW,X6
BMW,X6 M
BMW,X6 M
BRANDY,ELEGANT
BRANDY,FOSTI
BRANDY,PISTA
BRANDY,TURBO
BRANDY,ZANELLA
BRAVA,ALPINA
BRAVA,ALTINO
BRAVA,APOLO
BRAVA,AQUILA
BRAVA,DAYSTAR ROUTIER
BRAVA,ELEKTRA
BRAVA,NEVADA
BRAVA,TEXANA
BRAVA,WINSTAR
BRAVA,YB
BRAVAX,AX 200
BRAVAX,BR 250 D1
BRAVAX,BVX 125
BRAVAX,BVX 130 STREET
BRAVAX,BVX 150 S1
BRAVAX,BVX 200
BRAVAX,BX 260
BRAVAX,CARGO 260
BRAVAX,F2 PLUS
BRAVAX,SUPER F1
BRAVAX,SUPER F2
BRAVAX,SUPER F3
BRAVAX,TR 150 D6
BRP,CAN-AM
BUELL,1125
BUELL,FIREBOLT
BUELL,LIGHTNING
BUELL,ULYSSES
BUENO,JBR
BUGATTI,VEYRON
BUGGY,BUGGY
BUICK,APOLLO
BUICK,CENTURION
BUICK,CENTURY
BUICK,COUPE
BUICK,EIGHT
BUICK,ELECTRA
BUICK,ENCLAVE
BUICK,ESTATE WAGON
BUICK,GL8
BUICK,GRAN SPORT
BUICK,GSX
BUICK,HRV
BUICK,INVICTA
BUICK,LACROSSE
BUICK,LESABRE
BUICK,LIMITED
BUICK,LUCERNE
BUICK,PARK AVENUE
BUICK,RAINIER
BUICK,REATTA
BUICK,REGAL
BUICK,RENDEZVOUS
BUICK,RIVIERA
BUICK,ROADMASTER
BUICK,ROYAUM
BUICK,SKYHAWK
BUICK,SKYLARK
BUICK,SOMERSET
BUICK,SPECIAL
BUICK,SPORT WAGON
BUICK,SUPER
BUICK,TERRAZA
BUICK,WILDCAT
BULL,HB
CADILLAC,DEVILLE
CADILLAC,ELDORADO
CADILLAC,ESCALADE
CADILLAC,SEVILLE
CADILLAC,SRX4
CAGIVA,CANYON
CAGIVA,ELEFANT
CAGIVA,GRAN CANYON
CAGIVA,MITO
CAGIVA,NAVIGATOR
CAGIVA,PLANET
CAGIVA,ROADSTER
CAGIVA,V-RAPTOR
CAGIVA,W-16
CAN-AM,DS 250
CAN-AM,DS 450
CAN-AM,DS 90
CAN-AM,OUTLANDER 400
CAN-AM,OUTLANDER 500
CAN-AM,OUTLANDER 650
CAN-AM,OUTLANDER 800R
CAN-AM,OUTLANDER MAX 400
CAN-AM,OUTLANDER MAX 500
CAN-AM,OUTLANDER MAX 650
CAN-AM,OUTLANDER MAX 800R
CAN-AM,OUTLANDER MAX LTD 800R
CAN-AM,RENEGADE 500
CAN-AM,RENEGADE 800R
CAN-AM,RS
CAN-AM,RT
CBT,JAVALI
CHANA,MINI STAR FAMILY
CHANA,MINI STAR UTILITY
CHANA,STAR
CHANA,STAR TRUCK
CHANA,STAR VAN CARGO
CHANA,STAR VAN PASSAGEIROS
CHERY,CELER
CHERY,CELER SEDAN
CHERY,CIELO
CHERY,CIELO SEDAN
CHERY,FACE
CHERY,QQ
CHERY,S-18
CHERY,TIGGO
CHEVROLET,A-10
CHEVROLET,A-20
CHEVROLET,AGILE
CHEVROLET,ASTRA
CHEVROLET,ASTRO
CHEVROLET,BEL AIR
CHEVROLET,BLAZER
CHEVROLET,BONANZA
CHEVROLET,BRASIL
CHEVROLET,C-10
CHEVROLET,C-14
CHEVROLET,C-15
CHEVROLET,C-20
CHEVROLET,CALIBRA
CHEVROLET,CAMARO
CHEVROLET,CAPRICE
CHEVROLET,CAPTIVA
CHEVROLET,CARAVAN
CHEVROLET,CAVALIER
CHEVROLET,CELTA
CHEVROLET,CHEVELLE
CHEVROLET,CHEVETTE
CHEVROLET,CHEVY
CHEVROLET,CHEYNNE
CHEVROLET,CLASSIC
CHEVROLET,CLUB COUPE
CHEVROLET,COBALT
CHEVROLET,CORISCO
CHEVROLET,CORSA
CHEVROLET,CORVETTE
CHEVROLET,CRUZE
CHEVROLET,D-10
CHEVROLET,D-20
CHEVROLET,DELUXE
CHEVROLET,FLEETLINE
CHEVROLET,FLEETMASTER
CHEVROLET,GMC 100
CHEVROLET,GRAND BLAZER
CHEVROLET,IMPALA
CHEVROLET,IPANEMA
CHEVROLET,KADETT
CHEVROLET,LUMINA
CHEVROLET,MALIBU
CHEVROLET,MARAJO
CHEVROLET,MASTER
CHEVROLET,MERIVA
CHEVROLET,MONTANA
CHEVROLET,MONZA
CHEVROLET,OMEGA
CHEVROLET,ONIX
CHEVROLET,OPALA
CHEVROLET,PRISMA
CHEVROLET,S10
CHEVROLET,SILVERADO
CHEVROLET,SONIC
CHEVROLET,SONOMA
CHEVROLET,SPACEVAN
CHEVROLET,SPIN
CHEVROLET,SS10
CHEVROLET,SSR
CHEVROLET,STYLELINE
CHEVROLET,SUBURBAN
CHEVROLET,SUPREMA
CHEVROLET,SYCLONE
CHEVROLET,TIGRA
CHEVROLET,TRACKER
CHEVROLET,TRAFIC
CHEVROLET,TRAILBLAZER
CHEVROLET,TRAX
CHEVROLET,VECTRA
CHEVROLET,VENTURE
CHEVROLET,VERANEIO
CHEVROLET,YUKON
CHEVROLET,ZAFIRA
CHRYSLER,300C
CHRYSLER,300C TOURING
CHRYSLER,300M
CHRYSLER,CARAVAN
CHRYSLER,CIRRUS
CHRYSLER,CORDOBA
CHRYSLER,CROSSFIRE
CHRYSLER,GRAN CARAVAN
CHRYSLER,LE BARON
CHRYSLER,NEON
CHRYSLER,PT CRUISER
CHRYSLER,SEBRING
CHRYSLER,STRATUS
CHRYSLER,TOWN E COUNTRY
CHRYSLER,VISION
CHRYSLER,WINDSOR
CITROEN,AIRCROSS
CITROEN,AX
CITROEN,AXEL
CITROEN,BERLINGO
CITROEN,BX
CITROEN,C1
CITROEN,C15
CITROEN,C2
CITROEN,C25
CITROEN,C3
CITROEN,C3 PICASSO
CITROEN,C3 PLURIEL
CITROEN,C3 SOLARIS
CITROEN,C3 XTR
CITROEN,C35
CITROEN,C4
CITROEN,C4 LOUNGE
CITROEN,C4 PALLAS
CITROEN,C4 PICASSO
CITROEN,C4 SOLARIS
CITROEN,C4 VTR
CITROEN,C5
CITROEN,C5 BREAK/TOURER
CITROEN,C6
CITROEN,C8
CITROEN,C-CROSSER
CITROEN,CX
CITROEN,CX BREAK
CITROEN,DS3
CITROEN,DS4
CITROEN,DS5
CITROEN,DYANE
CITROEN,ELYSEE
CITROEN,EVASION
CITROEN,GRAND C4 PICASSO
CITROEN,GS/GSA
CITROEN,GS/GSA BREAK
CITROEN,JUMPER
CITROEN,JUMPER MINIBUS
CITROEN,JUMPER VETRATO
CITROEN,JUMPY
CITROEN,MEHARI
CITROEN,NEMO
CITROEN,ONCE
CITROEN,SAXO
CITROEN,SM
CITROEN,VISA
CITROEN,XANTIA
CITROEN,XANTIA BREAK
CITROEN,XM
CITROEN,XM BREAK
CITROEN,XSARA
CITROEN,XSARA BREAK
CITROEN,XSARA PICASSO
CITROEN,XSARA VTS
CITROEN,ZX
CROSS LANDER,CL-244
CROSS LANDER,CL-330
DAELIM,ALTINO
DAELIM,MESSAGE
DAELIM,VC
DAELIM,VF
DAELIM,VS
DAELIM,VT
DAELIM,VX
DAEWOO,BROUGHAM
DAEWOO,CHAIRMAN
DAEWOO,DAMAS
DAEWOO,ESPERO
DAEWOO,GENTRA
DAEWOO,ISTANA
DAEWOO,KALOS
DAEWOO,KORANDO
DAEWOO,LACETTI
DAEWOO,LANOS
DAEWOO,LEGANZA
DAEWOO,LEMANS
DAEWOO,MAEPSY
DAEWOO,MATIZ
DAEWOO,MUSSO
DAEWOO,NEXIA
DAEWOO,NUBIRA
DAEWOO,PRINCE
DAEWOO,RACER
DAEWOO,REZZO
DAEWOO,ROYALE PRINCE
DAEWOO,ROYALE SALON
DAEWOO,STATESMAN
DAEWOO,SUPER SALON
DAEWOO,TICO
DAEWOO,TOSCA
DAEWOO,WINSTORM
DAFRA,APACHE
DAFRA,CITYCOM
DAFRA,KANSAS
DAFRA,LASER
DAFRA,NEXT
DAFRA,RIVA
DAFRA,ROADWIN
DAFRA,SMART
DAFRA,SPEED
DAFRA,SUPER
DAFRA,ZIG
DAIHATSU,APPLAUSE
DAIHATSU,CHARADE
DAIHATSU,CUORE
DAIHATSU,FEROZA
DAIHATSU,GRAN MOVE
DAIHATSU,MOVE VAN
DAIHATSU,TERIOS
DAYANG,DY100-31
DAYANG,DY110-20
DAYANG,DY125-18
DAYANG,DY125-36A
DAYANG,DY125-37
DAYANG,DY125-5
DAYANG,DY125-52
DAYANG,DY150-12
DAYANG,DY200
DAYANG,DY50
DAYUN,CARGO 150
DAYUN,CARGO 200
DAYUN,CITY
DAYUN,DY125-8
DAYUN,DY150GY
DAYUN,DY250-2
DAYUN,EXPLORER
DAYUN,PHANTON
DAYUN,SPACE
DAYUN,SUMMER
DE SOTO,SPORTSMAN
DERBI,ATLANTIS
DERBI,GPR
DERBI,PREDATOR
DERBI,RED BULLET
DERBI,REPLICAS
DERBI,SENDA
DITALLY,BRUTTUS
DITALLY,BRUTTUS
DITALLY,JOY PLUS
DITALLY,JOY PLUS
DITALLY,MATRIX 4X4
DITALLY,MATRIX 4X4
DITALLY,OUTCROSS
DITALLY,OUTCROSS
DITALLY,PASSION
DITALLY,PASSION
DITALLY,PIT BULL
DITALLY,PIT BULL
DITALLY,TREND
DITALLY,TREND
DITALLY,WAKE 500
DITALLY,WAKE 500
DKW-VEMAG,BELCAR
DKW-VEMAG,CAICARA
DKW-VEMAG,CANDANGO
DKW-VEMAG,CARCARA
DKW-VEMAG,FISSORE
DKW-VEMAG,MALZONI
DKW-VEMAG,VEMAGUET
DODGE,AVENGER
DODGE,CHALLENGER
DODGE,CHARGER
DODGE,CORDOBA
DODGE,CUSTOM ROYAL
DODGE,D100
DODGE,DAKOTA
DODGE,DART
DODGE,JOURNEY
DODGE,KINGSWAY
DODGE,LE BARON
DODGE,MAGNUM
DODGE,NITRO
DODGE,POLARA
DODGE,RAM
DODGE,STEALTH
DUCAR,150
DUCATI,1098
DUCATI,1198
DUCATI,749
DUCATI,848
DUCATI,996
DUCATI,998
DUCATI,999
DUCATI,999R
DUCATI,DESMOSEDICI
DUCATI,DIAVEL
DUCATI,HYPERMOTARD
DUCATI,MONSTER
DUCATI,MULTISTRADA
DUCATI,SPORTCLASSIC
DUCATI,SS
DUCATI,ST-2
DUCATI,ST-4
DUCATI,STREETFIGHTER
EFFA,M-100
EFFA,PLUTUS
EFFA,START
EFFA,ULC
EMME,MIRAGE
EMME,ONE
EMME,ONE RACING
ENGESA,ENGESA
ENVEMO,CAMPER
ENVEMO,MASTER
ENVEMO,SUPER 90 COUPE
FBM,KAPRA
FBM,MZ 250
FBM,PASSEIO
FBM,RALLYE
FERRARI,348
FERRARI,348 GTS
FERRARI,348 SPIDER
FERRARI,355
FERRARI,355 SPIDER
FERRARI,360
FERRARI,360 MODENA
FERRARI,380 GTB
FERRARI,430
FERRARI,456
FERRARI,456 GT
FERRARI,458 ITALIA
FERRARI,458 SPIDER
FERRARI,512
FERRARI,550
FERRARI,575M
FERRARI,599
FERRARI,599 GTB
FERRARI,612
FERRARI,612 SESSANTA
FERRARI,CALIFORNIA
FERRARI,CHALLENGE
FERRARI,ENZO
FERRARI,F12
FERRARI,F355
FERRARI,F355 SPIDER
FERRARI,F430
FERRARI,F430 SPIDER
FERRARI,F50
FERRARI,F599
FERRARI,FF
FERRARI,SA
FERRARI,SCUDERIA SPIDER
FERRARI,SUPERAMERICA
FIAT,140
FIAT,147
FIAT,500
FIAT,600
FIAT,BALILLA
FIAT,BRAVA
FIAT,BRAVO
FIAT,COUPE
FIAT,DOBLO
FIAT,DUCATO CARGO
FIAT,DUNA
FIAT,ELBA
FIAT,FIORINO
FIAT,FREEMONT
FIAT,GRAND SIENA
FIAT,IDEA
FIAT,LINEA
FIAT,MAREA
FIAT,MILLE
FIAT,MOBI
FIAT,OGGI
FIAT,PALIO
FIAT,PALIO WEEKEND
FIAT,PANORAMA
FIAT,PREMIO
FIAT,PUNTO
FIAT,SIENA
FIAT,STILO
FIAT,STRADA
FIAT,TEMPRA
FIAT,TIPO
FIAT,TOPOLINO
FIAT,TORO
FIAT,UNO
FORD,AEROSTAR
FORD,ANGLIA
FORD,ASPIRE
FORD,BELINA
FORD,BRASILVAN
FORD,CLUB WAGON
FORD,CONTOUR
FORD,CORCEL
FORD,CORCEL II
FORD,COURIER
FORD,CROWN VICTORIA
FORD,CUSTOM
FORD,DE LUXE
FORD,DEL REY
FORD,ECOSPORT
FORD,EDGE
FORD,ESCORT
FORD,ESCORT CONVERSIVEL
FORD,ESCORT SEDAN
FORD,ESCORT SW
FORD,ESCORT XR3
FORD,EXCURSION
FORD,EXPEDITION
FORD,EXPLORER
FORD,F-01
FORD,F-100
FORD,F-1000
FORD,F-10000
FORD,F-150
FORD,F-250
FORD,F-85
FORD,FALCON
FORD,FIESTA
FORD,FIESTA SEDAN
FORD,FIESTA TRAIL
FORD,FOCUS
FORD,FOCUS FASTBACK
FORD,FOCUS SEDAN
FORD,FREESTYLE
FORD,FURGLAINE
FORD,FUSION
FORD,GALAXIE
FORD,IBIZA
FORD,KA
FORD,KA SEDAN
FORD,KA SPORT
FORD,MAVERICK
FORD,MODELO A
FORD,MONDEO
FORD,MONDEO SW
FORD,MUSTANG
FORD,NEW FIESTA
FORD,NEW FIESTA SEDAN
FORD,PAMPA
FORD,PHAETON
FORD,PROBE
FORD,RANGER
FORD,RANGER CD
FORD,SIERRA
FORD,TAURUS
FORD,T-BUCKET
FORD,THUNDERBIRD
FORD,TORINO
FORD,TRANSIT
FORD,TRANSIT CHASSI
FORD,TRANSIT PASSAGEIRO
FORD,TT
FORD,VERONA
FORD,VERSAILLES
FORD,VERSAILLES ROYALE
FORD,WINDSTAR
FYM,FY100-10A
FYM,FY125-19
FYM,FY125-20
FYM,FY125EY-2
FYM,FY125Y-3
FYM,FY150-3
FYM,FY150T-18
FYM,FY250
GAIOLA,GAIOLA
GARINNI,GR 125S/ST
GARINNI,GR 125Z
GARINNI,GR 150P/PI
GARINNI,GR 500
GARINNI,GR08T4
GARINNI,GR125T3
GARINNI,GR125U
GARINNI,GR150ST
GARINNI,GR150T3
GARINNI,GR150TI
GARINNI,GR150U
GARINNI,GR250T3
GARINNI,GRI 50
GAS GAS,BOY
GAS GAS,ENDUCROSS
GAS GAS,MC
GAS GAS,PAMPERA
GAS GAS,ROOKIE ENDURO
GAS GAS,TX BOY
GAS GAS,TXT
GAS GAS,TXT ROOKIE
GEELY,EC7
GEELY,GC2
GREAT WALL,HOVER
GREEN,EASY
GREEN,RUNNER
GREEN,SAFARI
GREEN,SPORT
GURGEL,BR-800
GURGEL,BUGATO
GURGEL,CARAJAS
GURGEL,G15
GURGEL,G800
GURGEL,ITAIPU
GURGEL,MOTOMACHINE
GURGEL,QT
GURGEL,SUPERMINI
GURGEL,TOCANTINS
GURGEL,VIP
GURGEL,X12
GURGEL,X15
GURGEL,X20
GURGEL,XAVANTE
GURGEL,XEF
HAFEI,TOWNER
HANOMAG,RECORB
HAOBAO,HB-110
HAOBAO,HB-125
HAOBAO,HB-150
HAOBAO,HB-50
HARLEY-DAVIDSON,CVO
HARLEY-DAVIDSON,DYNA
HARLEY-DAVIDSON,SOFTAIL
HARLEY-DAVIDSON,SPORTSTER
HARLEY-DAVIDSON,TOURING ELECTRA GLIDE
HARLEY-DAVIDSON,TOURING ROAD KING
HARLEY-DAVIDSON,TOURING STREET GLIDE
HARLEY-DAVIDSON,V-ROD
HARTFORD,LEGION
HERO,ANKUR
HERO,PUCH
HERO,STREAM
HILLMAN,MINX
HONDA,ACCORD
HONDA,ACCORD
HONDA,ACTY
HONDA,ACTY
HONDA,AERO CBX 150
HONDA,AERO CBX 150
HONDA,AFRICA TWIN XRV 750
HONDA,AFRICA TWIN XRV 750
HONDA,AIRWAVE
HONDA,AIRWAVE
HONDA,AMERICA
HONDA,AMERICA
HONDA,ASCOT
HONDA,ASCOT
HONDA,BALLADE
HONDA,BALLADE
HONDA,BEAT
HONDA,BEAT
HONDA,BIZ
HONDA,BIZ
HONDA,BOLDOR CB 900
HONDA,BOLDOR CB 900
HONDA,CB 1000R
HONDA,CB 1000R
HONDA,CB 125
HONDA,CB 125
HONDA,CB 1300
HONDA,CB 1300
HONDA,CB 300R
HONDA,CB 300R
HONDA,CB 400
HONDA,CB 400
HONDA,CB 50
HONDA,CB 50
HONDA,CB 500
HONDA,CB 500
HONDA,CB 600 HORNET
HONDA,CB 600 HORNET
HONDA,CBF 600
HONDA,CBF 600
HONDA,CBR 1000F
HONDA,CBR 1000F
HONDA,CBR 250
HONDA,CBR 250
HONDA,CBR 400RR
HONDA,CBR 400RR
HONDA,CBR 450
HONDA,CBR 450
HONDA,CBR 600
HONDA,CBR 600
HONDA,CBX 1000
HONDA,CBX 1000
HONDA,CBX 750F
HONDA,CBX 750F
HONDA,CD 125
HONDA,CD 125
HONDA,CG 125
HONDA,CG 125
HONDA,CG CARGO/JOB
HONDA,CG CARGO/JOB
HONDA,CG FAN
HONDA,CG FAN
HONDA,CG TITAN
HONDA,CG TITAN
HONDA,CG TODAY
HONDA,CG TODAY
HONDA,CH 125R
HONDA,CH 125R
HONDA,CITY
HONDA,CITY
HONDA,CIVIC
HONDA,CIVIC
HONDA,CONCERTO
HONDA,CONCERTO
HONDA,CR 125
HONDA,CR 125
HONDA,CR 250
HONDA,CR 250
HONDA,CR 85
HONDA,CR 85
HONDA,CRF 110/150
HONDA,CRF 110/150
HONDA,CRF 230/250
HONDA,CRF 230/250
HONDA,CRF 450
HONDA,CRF 450
HONDA,CR-V
HONDA,CR-V
HONDA,CR-X
HONDA,CR-X
HONDA,CR-Z
HONDA,CR-Z
HONDA,DOMANI
HONDA,DOMANI
HONDA,DREAM
HONDA,DREAM
HONDA,DUTY
HONDA,DUTY
HONDA,EDIX
HONDA,EDIX
HONDA,ELEMENT
HONDA,ELEMENT
HONDA,EV PLUS
HONDA,EV PLUS
HONDA,FCX
HONDA,FCX
HONDA,FIREBLADE CBR
HONDA,FIREBLADE CBR
HONDA,FIT
HONDA,FIT
HONDA,FIT TWIST
HONDA,FIT TWIST
HONDA,FR-V
HONDA,FR-V
HONDA,FURY
HONDA,FURY
HONDA,GL GOLD WING
HONDA,GL GOLD WING
HONDA,HERO
HONDA,HERO
HONDA,HR-V
HONDA,HR-V
HONDA,HSC
HONDA,HSC
HONDA,INSIGHT
HONDA,INSIGHT
HONDA,LEAD
HONDA,LEAD
HONDA,LIFE DUNK
HONDA,LIFE DUNK
HONDA,LOGO
HONDA,LOGO
HONDA,MAGNA VF 750C
HONDA,MAGNA VF 750C
HONDA,ML 125
HONDA,ML 125
HONDA,MOBILIO
HONDA,MOBILIO
HONDA,NC 700X
HONDA,NC 700X
HONDA,NSR 500
HONDA,NSR 500
HONDA,NX 200/250
HONDA,NX 200/250
HONDA,NX 350 SAHARA
HONDA,NX 350 SAHARA
HONDA,NX 400 FALCON
HONDA,NX 400 FALCON
HONDA,NX 650 DOMINATOR
HONDA,NX 650 DOMINATOR
HONDA,NXR BROS
HONDA,NXR BROS
HONDA,ODYSSEY
HONDA,ODYSSEY
HONDA,ORTHIA
HONDA,ORTHIA
HONDA,PACIFIC COAST
HONDA,PACIFIC COAST
HONDA,PAN-EUROPEAN ST
HONDA,PAN-EUROPEAN ST
HONDA,PARTNER VAN
HONDA,PARTNER VAN
HONDA,PASSPORT
HONDA,PASSPORT
HONDA,PC 50
HONDA,PC 50
HONDA,PCX
HONDA,PCX
HONDA,PILOT
HONDA,PILOT
HONDA,POP 100
HONDA,POP 100
HONDA,PRELUDE
HONDA,PRELUDE
HONDA,RC
HONDA,RC
HONDA,RIDGELINE
HONDA,RIDGELINE
HONDA,S2000
HONDA,S2000
HONDA,S500
HONDA,S500
HONDA,S600
HONDA,S600
HONDA,S800
HONDA,S800
HONDA,SHADOW
HONDA,SHADOW
HONDA,STEPWGN
HONDA,STEPWGN
HONDA,STRADA CBX 200
HONDA,STRADA CBX 200
HONDA,STREAM
HONDA,STREAM
HONDA,STUNNER
HONDA,STUNNER
HONDA,SUPER HAWK
HONDA,SUPER HAWK
HONDA,SUPERBLACKBIRD CBR 1100XX
HONDA,SUPERBLACKBIRD CBR 1100XX
HONDA,THATS
HONDA,THATS
HONDA,TORNADO XR 250
HONDA,TORNADO XR 250
HONDA,TRX
HONDA,TRX
HONDA,TURUNA 125
HONDA,TURUNA 125
HONDA,TWISTER CBX 250
HONDA,TWISTER CBX 250
HONDA,VALKYRIE
HONDA,VALKYRIE
HONDA,VAMOZ
HONDA,VAMOZ
HONDA,VARADERO XL 1000V
HONDA,VARADERO XL 1000V
HONDA,VFR 1200
HONDA,VFR 1200
HONDA,VLR 350
HONDA,VLR 350
HONDA,VTR
HONDA,VTR
HONDA,VTX
HONDA,VTX
HONDA,XL
HONDA,XL
HONDA,XL 700V TRANSALP
HONDA,XL 700V TRANSALP
HONDA,XLR
HONDA,XLR
HONDA,XLX
HONDA,XLX
HONDA,XR
HONDA,XR
HONDA,XRE 300
HONDA,XRE 300
HONDA,Z
HONDA,Z
HONDA,ZEST
HONDA,ZEST
HRG,1500
HUMMER,H3
HUSABERG,FE
HUSQVARNA,CR
HUSQVARNA,HUSQY
HUSQVARNA,SM
HUSQVARNA,SMR
HUSQVARNA,TC
HUSQVARNA,TE
HUSQVARNA,WR
HUSQVARNA,WRE
HYUNDAI,ACCENT
HYUNDAI,ATOS
HYUNDAI,AZERA
HYUNDAI,COUPE
HYUNDAI,ELANTRA
HYUNDAI,EQUUS
HYUNDAI,EXCEL
HYUNDAI,GALLOPER
HYUNDAI,GENESIS
HYUNDAI,GRAND SANTA FE
HYUNDAI,H1
HYUNDAI,H100
HYUNDAI,HB20
HYUNDAI,HB20R
HYUNDAI,HB20S
HYUNDAI,HB20X
HYUNDAI,I30
HYUNDAI,IX35
HYUNDAI,MATRIX
HYUNDAI,PORTER
HYUNDAI,PRIME
HYUNDAI,SANTA FE
HYUNDAI,SCOUPE
HYUNDAI,SONATA
HYUNDAI,TERRACAN
HYUNDAI,TIBURON
HYUNDAI,TRAJET
HYUNDAI,TUCSON
HYUNDAI,VELOSTER
HYUNDAI,VERACRUZ
INDIAN,CHIEF CLASSIC
INDIAN,CHIEF VINTAGE
INDIAN,CHIEFTAIN
INFINITI,LINHA EX
INFINITI,LINHA FX
INFINITI,LINHA G
INFINITI,LINHA G CONVERSIVEL
INFINITI,LINHA G COUPE
INFINITI,LINHA JX
INFINITI,LINHA M
INFINITI,LINHA QX
IROS,ACTION
IROS,BRAVE
IROS,IZY 50
IROS,MATRIX
IROS,MOVING
IROS,ONE
IROS,VINTAGE
IROS,WARRIOR
JAC,J2
JAC,J3
JAC,J3 TURIN
JAC,J3S
JAC,J5
JAC,J6
JAC,T140
JAC,T5
JAC,T6
JAC,T8
JAGUAR,C-TYPE
JAGUAR,DAIMLER
JAGUAR,D-TYPE
JAGUAR,E-TYPE
JAGUAR,F-TYPE
JAGUAR,MARK I
JAGUAR,MARK II
JAGUAR,MARK IX
JAGUAR,MARK V
JAGUAR,MARK VII
JAGUAR,MARK VIII
JAGUAR,MARK X
JAGUAR,MODELOS XF
JAGUAR,MODELOS XJ
JAGUAR,MODELOS XK
JAGUAR,S-TYPE
JAGUAR,X-TYPE
JEEP,CHEROKEE
JEEP,CJ3
JEEP,CJ5
JEEP,COMMANDER
JEEP,COMPASS
JEEP,GRAND CHEROKEE
JEEP,JEEP
JEEP,RENEGADE
JEEP,WRANGLER
JIAPENG VOLCANO,JP
JINBEI,TOPIC ESCOLAR
JINBEI,TOPIC FURGAO
JINBEI,TOPIC VAN
JOHNNYPAG,BARHOG
JOHNNYPAG,PROSTREET
JOHNNYPAG,SPYDER
JONNY,ATLANTIC
JONNY,HYPE
JONNY,JONNY
JONNY,NAKED
JONNY,ORBIT
JONNY,PEGASUS
JONNY,QUICK
JONNY,RACER
JONNY,TEXAS
JONNY,TR
JPX,JIPE MONTEZ
JPX,PICAPE MONTEZ
KAHENA,AMAZONAS
KAHENA,DUAL
KAHENA,TOP
KAISER,M715
KARMANN GHIA,TC
KART,KART
KASINSKI,COMET GT 250
KASINSKI,COMET GT 650
KASINSKI,COMET GT-R 250
KASINSKI,COMET GT-R 650
KASINSKI,CRUISE
KASINSKI,CRZ
KASINSKI,ERO
KASINSKI,FLASH
KASINSKI,FURIA
KASINSKI,GF
KASINSKI,MAGIK
KASINSKI,MIDAS
KASINSKI,MIRAGE
KASINSKI,MOTOKAR
KASINSKI,PRIMA
KASINSKI,RX
KASINSKI,SETA
KASINSKI,SOFT
KASINSKI,SUPER CAB
KASINSKI,TN
KASINSKI,WAY
KASINSKI,WIN
KAWASAKI,AVAJET
KAWASAKI,BAIO
KAWASAKI,CONCOURS
KAWASAKI,D-TRACKER
KAWASAKI,ELIMINATOR
KAWASAKI,ER-5
KAWASAKI,ER-6N
KAWASAKI,GTR
KAWASAKI,KDX
KAWASAKI,KLE
KAWASAKI,KLR
KAWASAKI,KLX 110/140
KAWASAKI,KLX 250/300
KAWASAKI,KLX 400/450
KAWASAKI,KX 100/125
KAWASAKI,KX 250
KAWASAKI,KX 450/500
KAWASAKI,KX 65/85
KAWASAKI,KZ
KAWASAKI,MAXI
KAWASAKI,NINJA 1000
KAWASAKI,NINJA 1100
KAWASAKI,NINJA 1200
KAWASAKI,NINJA 1400
KAWASAKI,NINJA 250
KAWASAKI,NINJA 300
KAWASAKI,NINJA 600
KAWASAKI,NINJA 700
KAWASAKI,NINJA 900
KAWASAKI,SUPER SHERPA
KAWASAKI,VERSYS
KAWASAKI,VERSYS 1000
KAWASAKI,VERSYS CITY
KAWASAKI,VERSYS GRAND TOURER
KAWASAKI,VERSYS TOURER
KAWASAKI,VOYAGER
KAWASAKI,VULCAN
KAWASAKI,Z1000
KAWASAKI,Z750
KAWASAKI,Z800
KAWASAKI,ZR
KAWASAKI,ZRX
KAWASAKI,ZZR
KIA,AM-825
KIA,BESTA
KIA,BONGO
KIA,CADENZA
KIA,CARENS
KIA,CARNIVAL
KIA,CERATO
KIA,CERATO KOUP
KIA,CERES
KIA,CLARUS
KIA,GRAND BESTA
KIA,GRAND CARNIVAL
KIA,HI-TOPIC
KIA,MAGENTIS
KIA,MOHAVE
KIA,OPIRUS
KIA,OPTIMA
KIA,PICANTO
KIA,QUORIS
KIA,ROCSTA
KIA,SEPHIA
KIA,SHUMA
KIA,SORENTO
KIA,SOUL
KIA,SPORTAGE
KIA,TOPIC
KIA,TOWNER
KIMCO,DJW
KIMCO,MBOY
KIMCO,PEOPLE
KIMCO,ZING
KTM,1190 ADVENTURE
KTM,1190 RC8 R
KTM,125 SX
KTM,150 SX
KTM,150 XC
KTM,200 XC
KTM,250 SX
KTM,250 XC
KTM,300 XC
KTM,350 EXC
KTM,350 SX
KTM,450 SX
KTM,450 SX-F
KTM,450 XC
KTM,450 XC-F/W
KTM,50 SX
KTM,500 EXC
KTM,505 SX
KTM,525 XC
KTM,65 SX
KTM,690 DUKE
KTM,690 ENDURO R
KTM,85 SX
KTM,990 ADVENTURE BAJA
KTM,990 SM T
LADA,LAIKA
LADA,NIVA
LADA,SAMARA
LAMBORGHINI,350 GT
LAMBORGHINI,400 GT
LAMBORGHINI,ALAR
LAMBORGHINI,ANKONIAN
LAMBORGHINI,AVENTADOR
LAMBORGHINI,COUNTACH
LAMBORGHINI,DIABLO
LAMBORGHINI,ESPADA
LAMBORGHINI,GALLARDO
LAMBORGHINI,HURACAN
LAMBORGHINI,ISLERO
LAMBORGHINI,LM002
LAMBORGHINI,MIURA
LAMBORGHINI,MURCIELAGO
LAMBORGHINI,REVENTON
LAMBORGHINI,SESTO ELEMENTO
LAMBORGHINI,ZAGATO
LAMBRETA,LAMBRETA
LAND ROVER,DEFENDER
LAND ROVER,DISCOVERY
LAND ROVER,FREELANDER
LAND ROVER,NEW RANGE
LAND ROVER,RANGE ROVER
LANDUM,MOTO TRUCK
LAQUILA,AKROS
LAQUILA,ERGON
LAQUILA,NIX
LAVRALE,QUATTOR
LERIVO,FORMIGAO
LEXUS,ES
LEXUS,GS
LEXUS,IS-300
LEXUS,LS
LEXUS,RX
LEXUS,SC
LIFAN,320
LIFAN,320
LIFAN,530
LIFAN,530
LIFAN,620
LIFAN,620
LIFAN,CARGO
LIFAN,CARGO
LIFAN,CC125
LIFAN,CC125
LIFAN,CC150
LIFAN,CC150
LIFAN,COOL STAR 125
LIFAN,COOL STAR 125
LIFAN,CROSS
LIFAN,CROSS
LIFAN,GLOW 110S
LIFAN,GLOW 110S
LIFAN,HIKER
LIFAN,HIKER
LIFAN,IV
LIFAN,IV
LIFAN,JOJO 110
LIFAN,JOJO 110
LIFAN,KP150
LIFAN,KP150
LIFAN,KP150F
LIFAN,KP150F
LIFAN,LF100
LIFAN,LF100
LIFAN,LF125
LIFAN,LF125
LIFAN,LF125
LIFAN,LF125
LIFAN,PK110F
LIFAN,PK110F
LIFAN,PK125
LIFAN,PK125
LIFAN,POWER KING
LIFAN,POWER KING
LIFAN,POWER MAN 250
LIFAN,POWER MAN 250
LIFAN,STEED 250
LIFAN,STEED 250
LIFAN,TB125
LIFAN,TB125
LIFAN,TRAVELLER
LIFAN,TRAVELLER
LIFAN,X3
LIFAN,X3
LIFAN,X60
LIFAN,X60
LINCOLN,AVIATOR
LINCOLN,BLACKWOOD
LINCOLN,CAPRI
LINCOLN,CONTINENTAL
LINCOLN,LS
LINCOLN,MARK
LINCOLN,MARK LT
LINCOLN,MKR
LINCOLN,MKS
LINCOLN,MKX
LINCOLN,MKZ
LINCOLN,NAVIGATOR
LINCOLN,PREMIERE
LINCOLN,TOWN CAR
LINCOLN,VERSAILLES
LINCOLN,ZEPHYR
LOBINI,H1
LON-V,DE LUXE
LON-V,E RETRO
LON-V,LY
LOTUS,ELAN
LOTUS,ESPRIT
MAHINDRA,ARMADA
MAHINDRA,ARMADA
MAHINDRA,AXE
MAHINDRA,AXE
MAHINDRA,BOLERO
MAHINDRA,BOLERO
MAHINDRA,CHASSI
MAHINDRA,CHASSI
MAHINDRA,DURO
MAHINDRA,DURO
MAHINDRA,LEGEND
MAHINDRA,LEGEND
MAHINDRA,RODEO
MAHINDRA,RODEO
MAHINDRA,SCORPIO
MAHINDRA,SCORPIO
MAHINDRA,SCORPIO PICK-UP
MAHINDRA,SCORPIO PICK-UP
MAHINDRA,THAR
MAHINDRA,THAR
MAHINDRA,XUV 500
MAHINDRA,XUV 500
MAHINDRA,XYLO
MAHINDRA,XYLO
MALAGUTI,CIAK
MALAGUTI,SPIDER
MARVA,FOX 150R
MARVA,HERCULES 200
MARVA,HS 150 FIRE
MARVA,LF250ST
MARVA,LF400ST
MARVA,ONIX 50R
MARVA,UFO 50
MARVA,VR 150 WIND
MASERATI,222
MASERATI,228
MASERATI,3200
MASERATI,430
MASERATI,COUPE
MASERATI,GHIBLI
MASERATI,GRANCABRIO
MASERATI,GRANSPORT
MASERATI,GRANTURISMO
MASERATI,QUATTROPORTE
MASERATI,SHAMAL
MASERATI,SPIDER
MATRA,PICK-UP
MAZDA,323
MAZDA,626
MAZDA,929
MAZDA,B2200
MAZDA,B-2500
MAZDA,CX-7
MAZDA,MILLENIA
MAZDA,MPV
MAZDA,MX-3
MAZDA,MX-5
MAZDA,MX-6
MAZDA,NAVAJO
MAZDA,PROTEGE
MAZDA,RX
MCLAREN,F1
MCLAREN,MP4
MERCEDES-BENZ,170
MERCEDES-BENZ,190
MERCEDES-BENZ,300D
MERCEDES-BENZ,CITAN
MERCEDES-BENZ,CLASSE A
MERCEDES-BENZ,CLASSE B
MERCEDES-BENZ,CLASSE C
MERCEDES-BENZ,CLASSE CL
MERCEDES-BENZ,CLASSE CLA
MERCEDES-BENZ,CLASSE CLC
MERCEDES-BENZ,CLASSE CLK
MERCEDES-BENZ,CLASSE CLS
MERCEDES-BENZ,CLASSE E
MERCEDES-BENZ,CLASSE G
MERCEDES-BENZ,CLASSE GL
MERCEDES-BENZ,CLASSE GLK
MERCEDES-BENZ,CLASSE M
MERCEDES-BENZ,CLASSE R
MERCEDES-BENZ,CLASSE S
MERCEDES-BENZ,CLASSE S CLASSICO
MERCEDES-BENZ,CLASSE SL
MERCEDES-BENZ,CLASSE SLK
MERCEDES-BENZ,CLASSE SLS
MERCEDES-BENZ,CLASSE TE
MERCEDES-BENZ,CLASSE V
MERCEDES-BENZ,SPRINTER
MERCEDES-BENZ,VANEO
MERCEDES-BENZ,VARIO
MERCURY,COUGAR
MERCURY,MONTEREY
MERCURY,MYSTIQUE
MERCURY,SABLE
MG,550
MG,MG6
MINI,CABRIO
MINI,COOPER
MINI,COUNTRYMAN
MINI,COUPE
MINI,JOHN COOPER WORKS
MINI,ONE
MINI,PACEMAN
MINI,ROADSTER
MITSUBISHI,3000
MITSUBISHI,AIRTREK
MITSUBISHI,ASX
MITSUBISHI,COLT
MITSUBISHI,DIAMANT
MITSUBISHI,ECLIPSE
MITSUBISHI,EXPO
MITSUBISHI,GALANT
MITSUBISHI,GRANDIS
MITSUBISHI,L200
MITSUBISHI,L200 TRITON
MITSUBISHI,L200 TRITON SAVANA
MITSUBISHI,L300
MITSUBISHI,LANCER
MITSUBISHI,LANCER EVOLUTION
MITSUBISHI,LANCER SPORTBACK
MITSUBISHI,MIRAGE
MITSUBISHI,MONTERO
MITSUBISHI,OUTLANDER
MITSUBISHI,PAJERO
MITSUBISHI,PAJERO DAKAR
MITSUBISHI,PAJERO FULL
MITSUBISHI,PAJERO FULL 3D
MITSUBISHI,PAJERO SPORT
MITSUBISHI,PAJERO TR4
MITSUBISHI,SPACE WAGON
MIURA,787
MIURA,BG-TRUCK
MIURA,KABRIO
MIURA,MTS
MIURA,SAGA
MIURA,SAGA II
MIURA,SPIDER
MIURA,SPORT
MIURA,TARGA
MIURA,TOPSPORT
MIURA,X11
MIURA,X8
MIZA,DRAGO
MIZA,EASY
MIZA,FAST
MIZA,SKEMA
MIZA,VITE
MOBILETE,MOBILETE
MORRIS,AUSTIN
MOTO GUZZI,CALIFORNIA
MOTO GUZZI,LE MANS
MOTO GUZZI,QUOTA
MOTO GUZZI,V11
MRX,230R
MV AUGUSTA,BRUTALE
MV AUGUSTA,F4
MVK,BIG FORCE
MVK,BLACK STAR
MVK,BRX
MVK,DUAL
MVK,FENIX
MVK,FENIX GOLD
MVK,FOX
MVK,GO
MVK,HALLEY
MVK,JURASIC
MVK,MA
MVK,SIMBA
MVK,SPORT
MVK,SPYDER
MVK,STREET
MVK,SUPER
MVK,XRT
NISSAN,180SX
NISSAN,200SX
NISSAN,240SX
NISSAN,350Z
NISSAN,370Z
NISSAN,ALTIMA
NISSAN,AX
NISSAN,D-21
NISSAN,FRONTIER
NISSAN,GRAND LIVINA
NISSAN,KING-CAB
NISSAN,LIVINA
NISSAN,LIVINA X-GEAR
NISSAN,MARCH
NISSAN,MAXIMA
NISSAN,MURANO
NISSAN,NX
NISSAN,PATHFINDER
NISSAN,PRIMERA
NISSAN,QUEST
NISSAN,SENTRA
NISSAN,STANZA
NISSAN,TERRANO
NISSAN,TIIDA
NISSAN,VERSA
NISSAN,XTERRA
NISSAN,X-TRAIL
NISSAN,ZX
OLDSMOBILE,442
OLDSMOBILE,ACHIEVA
OLDSMOBILE,ALERO
OLDSMOBILE,AURORA
OLDSMOBILE,BRAVADA
OLDSMOBILE,CUSTOM CRUISER
OLDSMOBILE,CUTLASS
OLDSMOBILE,CUTLASS CALAIS
OLDSMOBILE,CUTLASS CIERA
OLDSMOBILE,CUTLASS SALON
OLDSMOBILE,CUTLASS SUPREME
OLDSMOBILE,DELUXE
OLDSMOBILE,EIGHT
OLDSMOBILE,F-85
OLDSMOBILE,FIRENZA
OLDSMOBILE,INTRIGUE
OLDSMOBILE,SERIES 60
OLDSMOBILE,SERIES 70
OLDSMOBILE,SERIES 80
OLDSMOBILE,SERIES 90
OLDSMOBILE,SILHOUETTE
OLDSMOBILE,SIX
OLDSMOBILE,STARFIRE
OLDSMOBILE,TORONADO
OLDSMOBILE,VISTA CRUISER
ORCA,AX
ORCA,JC
ORCA,QM
PAGANI,ZONDA
PEGASSI,BR III
PEUGEOT,106
PEUGEOT,2008
PEUGEOT,205
PEUGEOT,206
PEUGEOT,207
PEUGEOT,207 ESCAPADE
PEUGEOT,207 QUIKSILVER
PEUGEOT,207 SEDAN
PEUGEOT,207 SW
PEUGEOT,208
PEUGEOT,3008
PEUGEOT,306
PEUGEOT,306 CABRIOLET
PEUGEOT,306 SW
PEUGEOT,307
PEUGEOT,307 CC
PEUGEOT,307 SEDAN
PEUGEOT,307 SW
PEUGEOT,308
PEUGEOT,308 CC
PEUGEOT,405
PEUGEOT,406
PEUGEOT,407
PEUGEOT,407 SW
PEUGEOT,408
PEUGEOT,504
PEUGEOT,505
PEUGEOT,508
PEUGEOT,605
PEUGEOT,607
PEUGEOT,806
PEUGEOT,807
PEUGEOT,BOXER
PEUGEOT,BOXER PASSAGEIRO
PEUGEOT,BUXY
PEUGEOT,ELYSEO
PEUGEOT,HOGGAR
PEUGEOT,HOGGAR ESCAPADE
PEUGEOT,PARTNER
PEUGEOT,RCZ
PEUGEOT,SCOOTELEC
PEUGEOT,SPEEDAKE
PEUGEOT,SPEEDFIGHT
PEUGEOT,SQUAB
PEUGEOT,TREKKER
PEUGEOT,VIVACITY
PEUGEOT,ZENITH
PIAGGIO,BEVERLY
PIAGGIO,LIBERTY
PIAGGIO,MP3
PIAGGIO,NRG
PIAGGIO,RUNNER
PIAGGIO,VESPA
PIAGGIO,ZIP
PLYMOUTH,ARROW
PLYMOUTH,CARAVELLE
PLYMOUTH,EXPRESS
PLYMOUTH,FURY
PLYMOUTH,GRAN VOYAGER
PLYMOUTH,LASER
PLYMOUTH,MODEL P6
PLYMOUTH,MODEL Q
PLYMOUTH,NEON
PLYMOUTH,PROWLER
PLYMOUTH,PT105
PLYMOUTH,PT125
PLYMOUTH,PT50
PLYMOUTH,PT57
PLYMOUTH,PT81
PLYMOUTH,SCAMP
PLYMOUTH,SPECIAL
PLYMOUTH,STATION WAGON
PLYMOUTH,SUNDANCE
PLYMOUTH,SUPERBIRD
PLYMOUTH,TRAIL DUSTER
PLYMOUTH,VOYAGER
PLYMOUTH,VOYAGER EXPRESSO
POLARIS,BRUTUS
POLARIS,OUTLAW 50
POLARIS,OUTLAW 90
POLARIS,PHOENIX 200
POLARIS,RANGER 400
POLARIS,RANGER 570
POLARIS,RANGER 6X6
POLARIS,RANGER 800
POLARIS,RANGER 800 MIDSIZE
POLARIS,RANGER CREW 570
POLARIS,RANGER CREW 800
POLARIS,RANGER CREW 900
POLARIS,RANGER CREW DIESEL
POLARIS,RANGER DIESEL
POLARIS,RANGER EV
POLARIS,RANGER XP 900
POLARIS,RZR 170
POLARIS,RZR 4 1000
POLARIS,RZR 4 800
POLARIS,RZR 4 900
POLARIS,RZR 570
POLARIS,RZR 800
POLARIS,RZR 800 XC
POLARIS,RZR 900
POLARIS,RZR S 800
POLARIS,RZR XP 1000
POLARIS,SCRAMBLER XP 1000 EPS
POLARIS,SCRAMBLER XP 850 HO
POLARIS,SPORTSMAN 400 HO
POLARIS,SPORTSMAN 550 EPS
POLARIS,SPORTSMAN 570
POLARIS,SPORTSMAN 800 EFI
POLARIS,SPORTSMAN 90
POLARIS,SPORTSMAN BIG BOSS 6X6 800
POLARIS,SPORTSMAN TOURING 550
POLARIS,SPORTSMAN TOURING 570
POLARIS,SPORTSMAN TOURING 850
POLARIS,SPORTSMAN WV850 HO
POLARIS,SPORTSMAN X2 550
POLARIS,SPORTSMAN XP 850
PONTIAC,SOLSTICE
PONTIAC,TRANS-AM
PONTIAC,TRANS-SPORT
PORSCHE,911
PORSCHE,BOXSTER
PORSCHE,CAYENNE
PORSCHE,CAYMAN
PORSCHE,PANAMERA
PORSCHE,SPEEDSTER 356
PORSCHE,SPYDER 550
PUMA,AM1
PUMA,AM2
PUMA,AM3
PUMA,AM4
PUMA,AMV
PUMA,GT
PUMA,GT4R
PUMA,GTB
PUMA,GTC
PUMA,GTE
PUMA,GTI
PUMA,GTS
PUMA,SPYDER
REGAL RAPTOR,BLACK JACK
REGAL RAPTOR,FENIX GOLD
REGAL RAPTOR,GHOST
REGAL RAPTOR,SPYDER
RELY,PICK-UP
RELY,VAN
RENAULT,19
RENAULT,21 NEVADA
RENAULT,21 SEDAN
RENAULT,7TL
RENAULT,CLIO
RENAULT,CLIO SEDAN
RENAULT,DUSTER
RENAULT,DUSTER OROCH
RENAULT,EXPRESS
RENAULT,FLUENCE
RENAULT,GORDINI
RENAULT,KANGOO
RENAULT,LAGUNA
RENAULT,LOGAN
RENAULT,MASTER
RENAULT,MASTER MINIBUS
RENAULT,MEGANE
RENAULT,MEGANE GRAND TOUR
RENAULT,MEGANE SEDAN
RENAULT,SAFRANE
RENAULT,SANDERO
RENAULT,SANDERO GT
RENAULT,SANDERO RS
RENAULT,SANDERO STEPWAY
RENAULT,SCENIC
RENAULT,SYMBOL
RENAULT,TRAFIC
RENAULT,TWINGO
SAAB,9000
SANYANG,ENJOY
SANYANG,HUSKY
SANYANG,PASSING
SATURN,SL-2
SCOOTER,SCOOTER
SEAT,CORDOBA
SEAT,IBIZA
SEAT,INCA
SHINERAY,A7
SHINERAY,A7
SHINERAY,A9
SHINERAY,A9
SHINERAY,A9 CARGO
SHINERAY,A9 CARGO
SHINERAY,BIKE 50
SHINERAY,BIKE 50
SHINERAY,BRAVO 200
SHINERAY,BRAVO 200
SHINERAY,CARGO 200
SHINERAY,CARGO 200
SHINERAY,CUSTOM 250
SHINERAY,CUSTOM 250
SHINERAY,DISCOVER 250
SHINERAY,DISCOVER 250
SHINERAY,EAGLE 50
SHINERAY,EAGLE 50
SHINERAY,EXPLORER 150
SHINERAY,EXPLORER 150
SHINERAY,F35/F40
SHINERAY,F35/F40
SHINERAY,FUTURE 150
SHINERAY,FUTURE 150
SHINERAY,INDIANAPOLIS 200
SHINERAY,INDIANAPOLIS 200
SHINERAY,JET 125
SHINERAY,JET 125
SHINERAY,JET 50
SHINERAY,JET 50
SHINERAY,LIBERTY 50
SHINERAY,LIBERTY 50
SHINERAY,MAX 150
SHINERAY,MAX 150
SHINERAY,NEW 200
SHINERAY,NEW 200
SHINERAY,NEW 50
SHINERAY,NEW 50
SHINERAY,NEW WAVE 125
SHINERAY,NEW WAVE 125
SHINERAY,PHOENIX 50
SHINERAY,PHOENIX 50
SHINERAY,RACING 200
SHINERAY,RACING 200
SHINERAY,RETRO 50
SHINERAY,RETRO 50
SHINERAY,STRONG 250
SHINERAY,STRONG 250
SHINERAY,SUPER SMART 50
SHINERAY,SUPER SMART 50
SHINERAY,T20
SHINERAY,T20
SHINERAY,T20 BAU
SHINERAY,T20 BAU
SHINERAY,T22
SHINERAY,T22
SHINERAY,VENICE 50
SHINERAY,VENICE 50
SHINERAY,X2 250
SHINERAY,X2 250
SHINERAY,XY 250
SHINERAY,XY 250
SIAMOTO,SCROSS
SIMCA,1000
SIMCA,1200S
SIMCA,ALVORADA
SIMCA,ARONDE
SIMCA,CHAMBORD
SIMCA,PROFISSIONAL
SIMCA,VEDETTE
SKODA,CONVERS√çVEL
SMART,FORTWO
SMART,FORTWO CABRIO
SSANGYONG,ACTYON
SSANGYONG,ACTYON SPORTS
SSANGYONG,CHAIRMAN
SSANGYONG,ISTANA
SSANGYONG,KORANDO
SSANGYONG,KYRON
SSANGYONG,MUSSO
SSANGYONG,NEW ACTYON SPORTS
SSANGYONG,REXTON
STUDEBAKER,CHAMPION
SUBARU,FORESTER
SUBARU,IMPREZA
SUBARU,IMPREZA WRX HATCH
SUBARU,IMPREZA WRX SEDAN
SUBARU,IMPREZA WRX STI HATCH
SUBARU,IMPREZA WRX STI SEDAN
SUBARU,LEGACY
SUBARU,NEW XV
SUBARU,OUTBACK
SUBARU,SVX
SUBARU,TRIBECA
SUBARU,VIVIO
SUNDOWN,AKROS
SUNDOWN,ERGON
SUNDOWN,FIFTY
SUNDOWN,FUTURE
SUNDOWN,HUNTER
SUNDOWN,MAX
SUNDOWN,PALIO
SUNDOWN,PGO
SUNDOWN,STX
SUNDOWN,STX MOTARD
SUNDOWN,SUPER FIFTY
SUNDOWN,VBLADE
SUNDOWN,WEB
SUNDOWN,WEB EVO
SUZUKI,ADDRESS
SUZUKI,ADDRESS
SUZUKI,AE 50
SUZUKI,AE 50
SUZUKI,AERIO
SUZUKI,AERIO
SUZUKI,ALTO
SUZUKI,ALTO
SUZUKI,APV
SUZUKI,APV
SUZUKI,BALENO
SUZUKI,BALENO
SUZUKI,BANDIT 1200
SUZUKI,BANDIT 1200
SUZUKI,BANDIT 250
SUZUKI,BANDIT 250
SUZUKI,BANDIT 400
SUZUKI,BANDIT 400
SUZUKI,BANDIT 600
SUZUKI,BANDIT 600
SUZUKI,BANDIT GSF 750
SUZUKI,BANDIT GSF 750
SUZUKI,B-KING GSX 1300
SUZUKI,B-KING GSX 1300
SUZUKI,BOULEVARD
SUZUKI,BOULEVARD
SUZUKI,BURGMAN AN
SUZUKI,BURGMAN AN
SUZUKI,DR
SUZUKI,DR
SUZUKI,FREEWIND 650
SUZUKI,FREEWIND 650
SUZUKI,GRAND VITARA
SUZUKI,GRAND VITARA
SUZUKI,GS 500
SUZUKI,GS 500
SUZUKI,GSI
SUZUKI,GSI
SUZUKI,GSR
SUZUKI,GSR
SUZUKI,GSX
SUZUKI,GSX
SUZUKI,GSX-R GIXXER/SRAD
SUZUKI,GSX-R GIXXER/SRAD
SUZUKI,GT
SUZUKI,GT
SUZUKI,HAYABUSA
SUZUKI,HAYABUSA
SUZUKI,IGNIS
SUZUKI,IGNIS
SUZUKI,INTRUDER
SUZUKI,INTRUDER
SUZUKI,INTRUDER CUSTOM
SUZUKI,INTRUDER CUSTOM
SUZUKI,JIMNY
SUZUKI,JIMNY
SUZUKI,JOB
SUZUKI,JOB
SUZUKI,KATANA
SUZUKI,KATANA
SUZUKI,KEI
SUZUKI,KEI
SUZUKI,LAPIN
SUZUKI,LAPIN
SUZUKI,LETS II
SUZUKI,LETS II
SUZUKI,LT
SUZUKI,LT
SUZUKI,MARAUDER GZ
SUZUKI,MARAUDER GZ
SUZUKI,MARAUDER VZ
SUZUKI,MARAUDER VZ
SUZUKI,MR WAGON
SUZUKI,MR WAGON
SUZUKI,RF
SUZUKI,RF
SUZUKI,RM 250
SUZUKI,RM 250
SUZUKI,RV
SUZUKI,RV
SUZUKI,SAVAGE
SUZUKI,SAVAGE
SUZUKI,SUPER CARRY
SUZUKI,SUPER CARRY
SUZUKI,SV
SUZUKI,SV
SUZUKI,SWIFT
SUZUKI,SWIFT
SUZUKI,SX4
SUZUKI,SX4
SUZUKI,TL
SUZUKI,TL
SUZUKI,VERONA
SUZUKI,VERONA
SUZUKI,VITARA
SUZUKI,VITARA
SUZUKI,V-STROM DL
SUZUKI,V-STROM DL
SUZUKI,VX 800
SUZUKI,VX 800
SUZUKI,WAGON R
SUZUKI,WAGON R
SUZUKI,XL-7
SUZUKI,XL-7
SUZUKI,YES EN 125
SUZUKI,YES EN 125
TAC,STARK
TANGER,LUCENA
TANGER,RAGGE
TANGER,SEVETSE
TANGER,TR
TARGOS,TRIMOTO
TOYOTA,AVALON
TOYOTA,BANDEIRANTE
TOYOTA,CAMRY
TOYOTA,CELICA
TOYOTA,COROLLA
TOYOTA,COROLLA FIELDER
TOYOTA,COROLLA XRS
TOYOTA,CORONA
TOYOTA,ETIOS
TOYOTA,ETIOS CROSS
TOYOTA,ETIOS SEDAN
TOYOTA,HILUX
TOYOTA,HILUX SW4
TOYOTA,LAND CRUISER
TOYOTA,MR-2
TOYOTA,PASEO
TOYOTA,PREVIA
TOYOTA,PRIUS
TOYOTA,RAV4
TOYOTA,SR5
TOYOTA,SUPRA
TOYOTA,T-100
TOYOTA,VITZ
TRAXX,BEST
TRAXX,CJ
TRAXX,DUNNA 600
TRAXX,FLY 135
TRAXX,JH
TRAXX,JL
TRAXX,JOTO 135
TRAXX,MOBY 50
TRAXX,MONTEZ 250
TRAXX,SHARK
TRAXX,SKY 125
TRAXX,STAR 50
TRAXX,VICO
TRAXX,WORK 125
TRICICLO,TRICICLO
TRIUMPH,ADVENTURER
TRIUMPH,BONNEVILLE
TRIUMPH,DAYTONA
TRIUMPH,LEGEND
TRIUMPH,ROCKET
TRIUMPH,SCRAMBLER
TRIUMPH,SPEED TRIPLE
TRIUMPH,SPRINT
TRIUMPH,STREET TRIPLE
TRIUMPH,THRUXTON
TRIUMPH,THUNDERBIRD
TRIUMPH,TIGER
TRIUMPH,TRIDENT
TRIUMPH,TROPHY
TRIUMPH,TT-600
TROLLER,PANTANAL
TROLLER,T-4
TROLLER,T-5
UTILITARIOS AGRICOLAS,COLHEITADEIRA
VENTO,REBELLIAN
VENTO,TRITON
VENTO,VTHUNDER
VICTORY,BOARDWALK
VICTORY,CORY NESS CROSS COUNTRY TOUR
VICTORY,CROSS COUNTRY
VICTORY,CROSS COUNTRY 8-BALL
VICTORY,CROSS COUNTRY TOUR
VICTORY,CROSS COUNTRY TOUR ANNIVERSARY
VICTORY,CROSS ROADS 8-BALL
VICTORY,CROSS ROADS CLASSIC
VICTORY,HAMMER 8-BALL
VICTORY,HARD-BALL
VICTORY,HIGH-BALL
VICTORY,JACKPOT
VICTORY,JUDGE
VICTORY,NESS CROSS COUNTRY
VICTORY,NESS VISION
VICTORY,VEGAS 8-BALL
VICTORY,VISION TOUR
VICTORY,ZACH NESS CROSS COUNTRY
VOLKSWAGEN,AMAROK
VOLKSWAGEN,APOLLO
VOLKSWAGEN,BORA
VOLKSWAGEN,BRASILIA
VOLKSWAGEN,CARAVELLE
VOLKSWAGEN,CC
VOLKSWAGEN,CORRADO
VOLKSWAGEN,CROSSFOX
VOLKSWAGEN,EOS
VOLKSWAGEN,EUROVAN
VOLKSWAGEN,FOX
VOLKSWAGEN,FUSCA
VOLKSWAGEN,GOL
VOLKSWAGEN,GOLF
VOLKSWAGEN,GOLF VARIANT
VOLKSWAGEN,JETTA
VOLKSWAGEN,KOMBI
VOLKSWAGEN,LOGUS
VOLKSWAGEN,NEW BEETLE
VOLKSWAGEN,PARATI
VOLKSWAGEN,PASSAT
VOLKSWAGEN,POINTER
VOLKSWAGEN,POLAUTO
VOLKSWAGEN,POLO
VOLKSWAGEN,QUANTUM
VOLKSWAGEN,SANTANA
VOLKSWAGEN,SAVEIRO
VOLKSWAGEN,SP2
VOLKSWAGEN,SPACE CROSS
VOLKSWAGEN,SPACEFOX
VOLKSWAGEN,TIGUAN
VOLKSWAGEN,TL
VOLKSWAGEN,TOUAREG
VOLKSWAGEN,TOURAN
VOLKSWAGEN,TRANSPORTER
VOLKSWAGEN,UP
VOLKSWAGEN,VARIANT
VOLKSWAGEN,VOYAGE
VOLVO,100 SERIES
VOLVO,200 SERIES
VOLVO,300 SERIES
VOLVO,400 SERIES
VOLVO,544
VOLVO,66
VOLVO,700 SERIES
VOLVO,850
VOLVO,900 SERIES
VOLVO,AMAZON
VOLVO,C30
VOLVO,C303
VOLVO,C50
VOLVO,C70
VOLVO,DUETT
VOLVO,L3314
VOLVO,OV 4
VOLVO,P1800
VOLVO,P1900
VOLVO,PV36
VOLVO,PV444
VOLVO,PV51
VOLVO,PV544
VOLVO,PV654
VOLVO,S40
VOLVO,S60
VOLVO,S70
VOLVO,S80
VOLVO,S90
VOLVO,SUGGA
VOLVO,V40
VOLVO,V50
VOLVO,V60
VOLVO,V70
VOLVO,XC60
VOLVO,XC70
VOLVO,XC90
WALK MACHINE,WALK MACHINE
WILLYS OVERLAND,INTERLAGOS
WILLYS OVERLAND,ITAMARATY
WILLYS OVERLAND,JEEP CJ
WILLYS OVERLAND,PICKUP F75
WILLYS OVERLAND,RURAL
WOLVER,KN 125 S
WOLVER,KN 150
WOLVER,KN 50 S
WUYANG,WY
X MOTOS,XM
YAMAHA,AEROX
YAMAHA,ALBA
YAMAHA,AXIS
YAMAHA,BWS
YAMAHA,CRYPTON T115
YAMAHA,DRAG STAR
YAMAHA,DT 200
YAMAHA,DT 50
YAMAHA,EC-02
YAMAHA,ECCY
YAMAHA,FACTOR YBR125
YAMAHA,FAZER FZ1
YAMAHA,FAZER FZ6
YAMAHA,FAZER YS150
YAMAHA,FAZER YS250
YAMAHA,FJR1300
YAMAHA,FROG
YAMAHA,FS1
YAMAHA,FZ-09
YAMAHA,FZR1000
YAMAHA,FZR250
YAMAHA,FZR400
YAMAHA,FZR600
YAMAHA,GLADIATOR
YAMAHA,GRIZZLY
YAMAHA,JOG
YAMAHA,LAGEND
YAMAHA,LANDER XTZ 250
YAMAHA,LIBERO
YAMAHA,MAJESTY
YAMAHA,MEST
YAMAHA,MIDNIGHT STAR XVS
YAMAHA,MORPHOUS
YAMAHA,MT-01
YAMAHA,MT-03
YAMAHA,MT-07
YAMAHA,NEO AT
YAMAHA,PAS
YAMAHA,PASSOL
YAMAHA,QT50
YAMAHA,RD 135
YAMAHA,RD 350 VIUVA NEGRA
YAMAHA,RD 50
YAMAHA,ROYAL STAR
YAMAHA,RX
YAMAHA,SR500
YAMAHA,SRX 400
YAMAHA,SRX 600
YAMAHA,TDM
YAMAHA,TDR 180
YAMAHA,TMAX
YAMAHA,TRX
YAMAHA,TT 125
YAMAHA,TT-R
YAMAHA,TX500
YAMAHA,TZ 250
YAMAHA,TZR
YAMAHA,VIRAGO 1400
YAMAHA,VIRAGO 250
YAMAHA,VIRAGO 400
YAMAHA,VIRAGO 535
YAMAHA,VIRAGO 750
YAMAHA,V-MAX 1200
YAMAHA,V-MAX 1680
YAMAHA,V-STAR
YAMAHA,WR 250F
YAMAHA,WR 450F
YAMAHA,XF50X
YAMAHA,XJ6
YAMAHA,XJR
YAMAHA,XR 180
YAMAHA,XS1100
YAMAHA,XS400
YAMAHA,XS500
YAMAHA,XS650
YAMAHA,XS750
YAMAHA,XS850
YAMAHA,XT 1200Z SUPER TENERE
YAMAHA,XT 225
YAMAHA,XT 600
YAMAHA,XT 660R
YAMAHA,XT 660Z TENERE
YAMAHA,XTZ 125
YAMAHA,XTZ 250 TENERE
YAMAHA,XTZ 750 SUPER TENERE
YAMAHA,XZ 550
YAMAHA,YFM 700R
YAMAHA,YFS
YAMAHA,YZ 125
YAMAHA,YZ 250
YAMAHA,YZ 450
YAMAHA,YZ 85LW
YAMAHA,YZF 600R
YAMAHA,YZF R1
YAMAHA,YZF R6
YAMAHA,YZR 500
ZONGSHEN,125 ZS
ZONGSHEN,ZS 200
